E1603	BM	acute	persistent	TCTGCGCATTGCAGACACCCAGACTGGGGACTCAGCTATCTACTTCTGTGCAGAGGATAATGCCAGACTCATGTTTGGAGAT	CAEDNARLMF	2	8	TCRAV05	TCRAV05-01	TCRAJ31	TCRAJ31-01
E1603	BM	conv	persistent	TCTGCGCATTGCAGACACCCAGACTGGGGACTCAGCTATCTACTTCTGTGCAGAGGATAATGCCAGACTCATGTTTGGAGAT	CAEDNARLMF	18	8	TCRAV05	TCRAV05-01	TCRAJ31	TCRAJ31-01
E1603	BM	conv	de novo	TCTGCGCATTGCAGACACCCAGACTGGGGACTCAGCTATCTACTTCTGTGCAGAAGATAATGCCAGACTCATGTTTGGAGAT	CAEDNARLMF	2	8	TCRAV05	TCRAV05-01	TCRAJ31	TCRAJ31-01
E1632	BM	conv	de novo	TCTGCGCATTGCAGACACCCAGACTGGGGACTCAGCTATCTACTTCTGTGCAGAGGATAATGCCAGACTCATGTTTGGAGAT	CAEDNARLMF	5	8	TCRAV05	TCRAV05-01	TCRAJ31	TCRAJ31-01
E1632	BM	conv	de novo	TCTGCGCATTGCAGACACCCAGACTGGGGACTCAGCTATCTACTTCTGTGCAGAAGATAATGCCAGACTCATGTTTGGAGAT	CAEDNARLMF	2	8	TCRAV05	TCRAV05-01	TCRAJ31	TCRAJ31-01
E1655	BM	acute	persistent	TCTGCGCATTGCAGACACCCAGACTGGGGACTCAGCTATCTACTTCTGTGCAGAGGACAATGCCAGACTCATGTTTGGAGAT	CAEDNARLMF	171	8	TCRAV05	TCRAV05-01	TCRAJ31	TCRAJ31-01
E1655	BM	acute	non-persistent	TCTGCGCATTGCAGACACCCAGACTGGGGACTCAGCTATCTACTTCTGTGCAGAAGATAATGCCAGACTCATGTTTGGAGAT	CAEDNARLMF	2	8	TCRAV05	TCRAV05-01	TCRAJ31	TCRAJ31-01
E1655	BM	acute	non-persistent	TCTGCGCATTGCAGACACCCAGACCGGGGACTCAGCTATCTGCTTCTGTGCAGAGGACAATGCCAGACTCATGTTTGGAGAT	CAEDNARLMF	2	8	TCRAV05	TCRAV05-01	TCRAJ31	TCRAJ31-01
E1655	BR	acute	non-persistent	GCGCATTGCAGACACCCAGACTGGGGACTCAGCTATCTACTTCTGTGCAGAGGAAGACAATGCCAGACTCATGTTTGGAGAT	CAEEDNARLMF	5741	9	TCRAV05	TCRAV05-01	TCRAJ31	TCRAJ31-01
E1655	BR	acute	non-persistent	CTGCGCAGCAGACACCCAGACTGGGGACTCAGCTATCTACTTCTGTGCAGAGGAAGACAATGCCAGACTCATGTTTGGAGAT	CAEEDNARLMF	4	9	TCRAV05	TCRAV05-01	TCRAJ31	TCRAJ31-01
E1655	BR	acute	non-persistent	TGCGCATTGCAGACACCAGACTGGGGACTCAGCTATCTACTTCTGTGCAGAGGAAGACAATGCCAGACTCATGTTTGGAGAT	CAEEDNARLMF	2	9	TCRAV05	TCRAV05-01	TCRAJ31	TCRAJ31-01
E1655	BR	acute	non-persistent	TGCGCATTGCAGACACCCAGACTGGGACTCAGCTATCTACTTCTGTGCAGAGGAAGACAATGCCAGACTCATGTTTGGAGAT	CAEEDNARLMF	12	9	TCRAV05	TCRAV05-01	TCRAJ31	TCRAJ31-01
E1655	BR	acute	non-persistent	CTGCATTGCAGACACCCAGACTGGGGACTCAGCTATCTACTTCTGTGCAGAGGAAGACAATGCCAGACTCATGTTTGGAGAT	CAEEDNARLMF	2	9	TCRAV05	TCRAV05-01	TCRAJ31	TCRAJ31-01
E1655	BR	acute	non-persistent	GCGCATTGCAGACACCCAGACTGGGGACTCAGCTATCTACTTCTGTGCAGGGGAAGACAATGCCAGACTCACGTTTGGAGAT	CAGEDNARLTF	2	9	TCRAV05	TCRAV05-01	TCRAJ31	TCRAJ31-01
E1655	BM	conv	persistent	TCTGCGCATTGCAGACACCCAGACTGGGGACTCAGCTATCTACTTCTGTGCAGAGGACAATGCCAGACTCATGTTTGGAGAT	CAEDNARLMF	2	8	TCRAV05	TCRAV05-01	TCRAJ31	TCRAJ31-01
